universidad_nombre,institucion_nombre,institucion_direccion,api,coordenadas,Unnamed: 5,Unnamed: 6,Unnamed: 7,Unnamed: 8,Unnamed: 9,Unnamed: 10,Unnamed: 11,Unnamed: 12,Unnamed: 13,Unnamed: 14,Unnamed: 15,Unnamed: 16,Unnamed: 17,Unnamed: 18,Unnamed: 19,Unnamed: 20,Unnamed: 21,Unnamed: 22,Unnamed: 23,Unnamed: 24,Unnamed: 25,lat,lon,departamento_id,departamento_nombre,latitud,longitud,municipio_id,municipio_nombre,provincia_id,provincia_nombre,carrera_grupo_indics,estudiantes_total,estudiantes_varones,estudiantes_mujeres,nuevos_inscriptos_total,nuevos_inscriptos_varones,nuevos_inscriptos_mujeres,egresados_total,egresados_varones,egresados_mujeres,estudiantes_mujeres_pct,estudiantes_mujeres_tec_pct
Escuela Universitaria de Teologia,Escuela Universitaria de Teologia,Pasaje Catedral 1750,,"-36.4494181,-57.7686044",,,,,,,,,,,,,,,,,,,,,,-36.4494181,-57.7686044,6238.0,Dolores,-36.4494181,-57.7686044,60238.0,Dolores,06,Buenos Aires,,,,,,,,,,,,
Facultad Latinoamericana de Ciencias Sociales,Facultad Latinoamericana de Ciencias Sociales,Tucumán 1966,,"-34.6021735,-58.3972997",,,,,,,,,,,,,,,,,,,,,,-34.6021735,-58.3972997,2021.0,Comuna 3,-34.6021735,-58.3972997,,,02,Ciudad Autónoma de Buenos Aires,"Arte        :   101 estudiantes | 84.2% mujeres,Educacion   :   747 estudiantes | 75.4% mujeres,Derecho     :   150 estudiantes | 72.7% mujeres,Psicologia  :   184 estudiantes | 72.3% mujeres,Sociales    :  1234 estudiantes | 66.0% mujeres,Economicas  :     5 estudiantes | 20.0% mujeres",2421.0,715.0,1706.0,925.0,269.0,656.0,303.0,73.0,230.0,0.704667492771582,
Instituto Universitario CEMIC,Instituto Universitario CEMIC,Valdenegro 4337,,"-34.5547176,-58.4972877",,,,,,,,,,,,,,,,,,,,,,-34.554717600000004,-58.4972877,2084.0,Comuna 12,-34.554717600000004,-58.4972877,,,02,Ciudad Autónoma de Buenos Aires,"Educacion   :    25 estudiantes | 84.0% mujeres,Salud       :   726 estudiantes | 71.9% mujeres",751.0,208.0,543.0,265.0,76.0,189.0,75.0,16.0,59.0,0.7230359520639148,
Instituto Universitario de Gendarmeria Nacional,Instituto Universitario de Gendarmeria Nacional,Av. Paseo Colón 533,,"-34.6142528,-58.371724",,,,,,,,,,,,,,,,,,,,,,-34.614252799999996,-58.371724,2007.0,Comuna 1,-34.614252799999996,-58.371724,,,02,Ciudad Autónoma de Buenos Aires,"Policial    :   179 estudiantes | 48.0% mujeres,Economicas  :   148 estudiantes | 36.5% mujeres,Tecnologia  :    73 estudiantes | 19.2% mujeres,Sociales    :  1155 estudiantes | 18.4% mujeres",1555.0,1189.0,366.0,319.0,259.0,60.0,258.0,185.0,73.0,0.23536977491961414,0.1917808219178082
Instituto Universitario Escuela Argentina de Negocios,Instituto Universitario Escuela Argentina de Negocios,Av. Córdoba 1690,,"-34.5997447,-58.3934405",,,,,,,,,,,,,,,,,,,,,,-34.5997447,-58.393440500000004,2021.0,Comuna 3,-34.5997447,-58.393440500000004,,,02,Ciudad Autónoma de Buenos Aires,"Economicas  :  1496 estudiantes | 54.8% mujeres,Tecnologia  :    30 estudiantes | 23.3% mujeres",1526.0,699.0,827.0,575.0,257.0,318.0,180.0,99.0,81.0,0.5419397116644823,0.23333333333333334
Instituto Universitario Escuela de Medicina del Hospital Italiano,Instituto Universitario Escuela de Medicina del Hospital Italiano,Potosí 4265,,"-34.6071979,-58.4291149",,,,,,,,,,,,,,,,,,,,,,-34.6071979,-58.429114899999995,2035.0,Comuna 5,-34.6071979,-58.429114899999995,,,02,Ciudad Autónoma de Buenos Aires,"Psicologia  :   137 estudiantes | 86.1% mujeres,Salud       :   815 estudiantes | 69.0% mujeres,Tecnologia  :    76 estudiantes | 34.2% mujeres",1028.0,322.0,706.0,363.0,97.0,266.0,111.0,27.0,84.0,0.6867704280155642,0.34210526315789475
Instituto Universitario Italiano de Rosario,Instituto Universitario Italiano de Rosario,Crespo 843,,"-32.9415838,-60.6705633",,,,,,,,,,,,,,,,,,,,,,-32.9415838,-60.67056329999999,82084.0,Rosario,-32.9415838,-60.67056329999999,,,82,Santa Fe,"Psicologia  :   142 estudiantes | 81.7% mujeres,Educacion   :   100 estudiantes | 73.0% mujeres,Salud       :  1126 estudiantes | 62.0% mujeres",1368.0,481.0,887.0,318.0,97.0,221.0,162.0,45.0,117.0,0.6483918128654971,
Universidad  Favaloro,Universidad  Favaloro,Av. Entre Ríos 495,,"-34.6148113,-58.3940258",,,,,,,,,,,,,,,,,,,,,,-34.61481129999999,-58.394025799999994,2021.0,Comuna 3,-34.61481129999999,-58.394025799999994,,,02,Ciudad Autónoma de Buenos Aires,,,,,,,,,,,,
Universidad Abierta Interamericana,Universidad Abierta Interamericana,Av. San Juan 951,http://apis.datos.gob.ar/georef/api/direcciones?direccion=Av. San Juan 951&provincia=2," -34.6221199173329, -58.379325181549746",,,,,,,,,,,,,,,,,,,,,,-34.622119917332896,-58.37932518154975,2007.0,Comuna 1,-34.622119917332896,-58.37932518154975,,,02,Ciudad Autónoma de Buenos Aires,"Psicologia  :  2599 estudiantes | 84.8% mujeres,Salud       :  6555 estudiantes | 67.3% mujeres,Educacion   :   551 estudiantes | 65.7% mujeres,Arte        :   996 estudiantes | 55.7% mujeres,Arquitectura:   428 estudiantes | 54.9% mujeres,Economicas  :  3465 estudiantes | 51.0% mujeres,Derecho     :  2608 estudiantes | 50.8% mujeres,Sociales    :   553 estudiantes | 48.6% mujeres,Exactas     :    32 estudiantes | 46.9% mujeres,Tecnologia  :  3275 estudiantes | 10.5% mujeres",21062.0,9574.0,11488.0,5129.0,2231.0,2898.0,3405.0,1560.0,1845.0,0.5454372804102174,0.10473282442748091
Universidad Adventista del Plata,Universidad Adventista del Plata,25 de mayo 99,http://apis.datos.gob.ar/georef/api/direcciones?direccion=25 de mayo 99,"-32.0759594,-60.4665987",,,,,,,,,,,,,,,,,,,,,,-32.075959399999995,-60.466598700000006,30021.0,Diamante,-32.075959399999995,-60.466598700000006,,,30,Entre Ríos,"Psicologia  :   443 estudiantes | 77.0% mujeres,Idiomas     :    72 estudiantes | 70.8% mujeres,Salud       :  1478 estudiantes | 62.4% mujeres,Economicas  :   452 estudiantes | 49.3% mujeres,Sociales    :   113 estudiantes | 46.9% mujeres,Tecnologia  :   252 estudiantes | 10.3% mujeres,Religion    :   345 estudiantes | 4.9% mujeres",3155.0,1522.0,1633.0,574.0,312.0,262.0,259.0,91.0,168.0,0.5175911251980982,0.10317460317460317
Universidad Argentina de la Empresa,Universidad Argentina de la Empresa,Lima 775,http://apis.datos.gob.ar/georef/api/direcciones?direccion=Lima 775,"-34.6173746323554,-58.381525671564",,,,,,,,,,,,,,,,,,,,,,-34.6173746323554,-58.381525671564,2007.0,Comuna 1,-34.6173746323554,-58.381525671564,,,02,Ciudad Autónoma de Buenos Aires,"Psicologia  :   559 estudiantes | 78.7% mujeres,Idiomas     :   676 estudiantes | 77.8% mujeres,Arte        :  2548 estudiantes | 74.1% mujeres,Arquitectura:   868 estudiantes | 58.3% mujeres,Sociales    :  2462 estudiantes | 55.3% mujeres,Derecho     :  2061 estudiantes | 55.2% mujeres,Naturales   :   732 estudiantes | 54.6% mujeres,Economicas  : 22206 estudiantes | 51.4% mujeres,Ingenieria  :  1124 estudiantes | 16.3% mujeres,Tecnologia  :  3852 estudiantes | 12.2% mujeres,Exactas     :     1 estudiantes | 0.0% mujeres",37089.0,18773.0,18316.0,9330.0,4848.0,4482.0,3845.0,1643.0,2202.0,0.49383914368141496,0.12227414330218069
Universidad Argentina John F. Kennedy,Universidad Argentina John F. Kennedy,Bartolomé Mitre 1411,http://apis.datos.gob.ar/georef/api/direcciones?direccion=Bartolomé Mitre 1411&provincia=2,"-34.60762266844467,-58.38645625343852",,,,,,,,,,,,,,,,,,,,,,-34.60762266844467,-58.38645625343852,2007.0,Comuna 1,-34.60762266844467,-58.38645625343852,,,02,Ciudad Autónoma de Buenos Aires,"Educacion   :     1 estudiantes | 100.0% mujeres,Exactas     :   212 estudiantes | 84.4% mujeres,Sociales    :   115 estudiantes | 80.9% mujeres,Psicologia  :  1751 estudiantes | 77.4% mujeres,Salud       :  1852 estudiantes | 62.3% mujeres,Economicas  :  1680 estudiantes | 50.7% mujeres,Derecho     :  1247 estudiantes | 49.8% mujeres,Arquitectura:   127 estudiantes | 29.1% mujeres,Arte        :    13 estudiantes | 15.4% mujeres,Tecnologia  :   672 estudiantes | 13.7% mujeres",7670.0,3285.0,4385.0,2343.0,942.0,1401.0,869.0,344.0,525.0,0.5717079530638852,0.13690476190476192
Universidad Austral,Universidad Austral,Maríano Acosta 1611,http://apis.datos.gob.ar/georef/api/direcciones?direccion=Maríano Acosta 1611&provincia=6," -34.47094214462022, -58.847032888622834",,,,,,,,,,,,,,,,,,,,,,-34.47094214462022,-58.84703288862283,6638.0,Pilar,-34.47094214462022,-58.84703288862283,60638.0,Pilar,06,Buenos Aires,"Psicologia  :   617 estudiantes | 80.6% mujeres,Educacion   :   333 estudiantes | 75.1% mujeres,Salud       :  1107 estudiantes | 69.8% mujeres,Sociales    :   760 estudiantes | 64.9% mujeres,Derecho     :  1386 estudiantes | 51.9% mujeres,Economicas  :  1399 estudiantes | 33.0% mujeres,Exactas     :    95 estudiantes | 27.4% mujeres,Ingenieria  :   374 estudiantes | 17.6% mujeres,Naturales   :    79 estudiantes | 12.7% mujeres,Tecnologia  :   282 estudiantes | 6.4% mujeres",6432.0,3118.0,3314.0,1810.0,856.0,954.0,817.0,454.0,363.0,0.5152363184079602,0.06382978723404255
Universidad Blas Pascal,Universidad Blas Pascal,Rodríguez Peña 1085,http://apis.datos.gob.ar/georef/api/direcciones?direccion=Rodríguez Peña 1085&provincia=2,"-34.59603749231513,-58.39193924933041",,,,,,,,,,,,,,,,,,,,,,-34.59603749231513,-58.391939249330406,2014.0,Comuna 2,-34.59603749231513,-58.391939249330406,,,02,Ciudad Autónoma de Buenos Aires,"Psicologia  :    84 estudiantes | 98.8% mujeres,Educacion   :   894 estudiantes | 70.9% mujeres,Sociales    :   365 estudiantes | 65.2% mujeres,Arte        :    95 estudiantes | 64.2% mujeres,Naturales   :   363 estudiantes | 61.4% mujeres,Derecho     :  3650 estudiantes | 60.9% mujeres,Economicas  :  2994 estudiantes | 55.5% mujeres,Arquitectura:   256 estudiantes | 42.6% mujeres,Policial    :   196 estudiantes | 21.4% mujeres,Tecnologia  :    89 estudiantes | 11.2% mujeres",8986.0,3701.0,5285.0,3417.0,1417.0,2000.0,607.0,230.0,377.0,0.5881371021589139,0.11235955056179775
Universidad CAECE,Universidad CAECE,Av. de Mayo 866,http://apis.datos.gob.ar/georef/api/direcciones?direccion=Av. de Mayo 866,"-34.608865810462795,-58.378716306442456",,,,,,,,,,,,,,,,,,,,,,-34.6088658104628,-58.37871630644246,2007.0,Comuna 1,-34.6088658104628,-58.37871630644246,,,02,Ciudad Autónoma de Buenos Aires,"Psicologia  :   272 estudiantes | 91.5% mujeres,Idiomas     :   200 estudiantes | 90.5% mujeres,Educacion   :   487 estudiantes | 81.9% mujeres,Naturales   :   118 estudiantes | 69.5% mujeres,Sociales    :    61 estudiantes | 68.9% mujeres,Exactas     :   188 estudiantes | 67.0% mujeres,Salud       :    60 estudiantes | 63.3% mujeres,Arte        :    85 estudiantes | 57.6% mujeres,Economicas  :   747 estudiantes | 51.1% mujeres,Ingenieria  :    30 estudiantes | 46.7% mujeres,Tecnologia  :   865 estudiantes | 13.3% mujeres",3113.0,1436.0,1677.0,818.0,324.0,494.0,279.0,129.0,150.0,0.5387086411821395,0.1329479768786127
Universidad Champagnat,Universidad Champagnat,Belgrano 721,http://apis.datos.gob.ar/georef/api/direcciones?direccion=Belgrano 721,"-33.8848483,-67.5266833",,,,,,,,,,,,,,,,,,,,,,-33.884848299999994,-67.5266833,50112.0,Santa Rosa,-33.884848299999994,-67.5266833,500112.0,Santa Rosa,50,Mendoza,"Arquitectura:    87 estudiantes | 60.9% mujeres,Naturales   :     5 estudiantes | 60.0% mujeres,Derecho     :   784 estudiantes | 57.8% mujeres,Economicas  :   560 estudiantes | 54.6% mujeres,Sociales    :    28 estudiantes | 46.4% mujeres,Tecnologia  :   136 estudiantes | 14.7% mujeres",1600.0,752.0,848.0,236.0,117.0,119.0,258.0,110.0,148.0,0.53,0.14705882352941177
Universidad de Belgrano,Universidad de Belgrano,Zabala 1837,http://apis.datos.gob.ar/georef/api/direcciones?direccion=Zabala 1837&provincia=2,"-34.564446626972675,-58.44400348234273",,,,,,,,,,,,,,,,,,,,,,-34.564446626972675,-58.44400348234273,2091.0,Comuna 13,-34.564446626972675,-58.44400348234273,,,02,Ciudad Autónoma de Buenos Aires,"Salud       :   215 estudiantes | 94.4% mujeres,Idiomas     :   190 estudiantes | 89.5% mujeres,Psicologia  :  1493 estudiantes | 66.9% mujeres,Sociales    :   482 estudiantes | 60.4% mujeres,Exactas     :    27 estudiantes | 59.3% mujeres,Arte        :   466 estudiantes | 54.5% mujeres,Derecho     :  2145 estudiantes | 48.8% mujeres,Economicas  :  5554 estudiantes | 47.1% mujeres,Arquitectura:  1659 estudiantes | 46.9% mujeres,Naturales   :   779 estudiantes | 28.2% mujeres,Ingenieria  :   250 estudiantes | 20.4% mujeres,Tecnologia  :   977 estudiantes | 17.3% mujeres",14237.0,7424.0,6813.0,4671.0,2519.0,2152.0,1189.0,533.0,656.0,0.4785418276322259,0.172978505629478
Universidad de Buenos Aires,Universidad de Buenos Aires,Viamonte 430,http://apis.datos.gob.ar/georef/api/direcciones?direccion=Viamonte 430&provincia=2,"-34.59971093266858,-58.37308898582941",,,,,,,,,,,,,,,,,,,,,,-34.59971093266858,-58.37308898582941,2007.0,Comuna 1,-34.59971093266858,-58.37308898582941,,,02,Ciudad Autónoma de Buenos Aires,"Policial    :   372 estudiantes | 81.5% mujeres,Psicologia  : 28871 estudiantes | 77.1% mujeres,Educacion   :  2960 estudiantes | 75.0% mujeres,Idiomas     :  6417 estudiantes | 72.7% mujeres,Salud       : 81360 estudiantes | 72.6% mujeres,Arte        : 21189 estudiantes | 71.4% mujeres,Naturales   : 17662 estudiantes | 63.6% mujeres,Derecho     : 35641 estudiantes | 56.8% mujeres,Sociales    : 28258 estudiantes | 55.3% mujeres,Otros       :   137 estudiantes | 54.0% mujeres,Economicas  : 54491 estudiantes | 51.8% mujeres,Arquitectura: 18875 estudiantes | 50.8% mujeres,Exactas     :  6283 estudiantes | 42.0% mujeres,Ingenieria  : 10477 estudiantes | 20.7% mujeres,Tecnologia  : 15641 estudiantes | 16.5% mujeres",328634.0,132661.0,195973.0,74683.0,30544.0,44139.0,20889.0,7875.0,13014.0,0.5963260040044548,0.16501502461479445
Universidad de Ciencias Empresariales y Sociales,Universidad de Ciencias Empresariales y Sociales,Paraguay 1401,http://apis.datos.gob.ar/georef/api/direcciones?direccion=Paraguay 1401&provincia=2,"-34.5982797695651,-58.3869599869626",,,,,,,,,,,,,,,,,,,,,,-34.5982797695651,-58.3869599869626,2014.0,Comuna 2,-34.5982797695651,-58.3869599869626,,,02,Ciudad Autónoma de Buenos Aires,"Psicologia  :  1863 estudiantes | 79.7% mujeres,Educacion   :   155 estudiantes | 66.5% mujeres,Policial    :   116 estudiantes | 61.2% mujeres,Salud       :  1243 estudiantes | 60.9% mujeres,Arte        :   223 estudiantes | 58.3% mujeres,Derecho     :  1206 estudiantes | 57.7% mujeres,Sociales    :  1413 estudiantes | 54.6% mujeres,Economicas  :  9282 estudiantes | 51.6% mujeres,Naturales   :   170 estudiantes | 48.2% mujeres,Tecnologia  :   232 estudiantes | 17.2% mujeres",15903.0,6974.0,8929.0,5802.0,2506.0,3296.0,1453.0,533.0,920.0,0.5614663899893102,0.1724137931034483
Universidad de Flores,Universidad de Flores,Av. Rivadavia 5741,,"-34.6274699,-58.4589968",,,,,,,,,,,,,,,,,,,,,,-34.627469899999994,-58.4589968,2049.0,Comuna 7,-34.627469899999994,-58.4589968,,,02,Ciudad Autónoma de Buenos Aires,"Psicologia  :  2408 estudiantes | 89.7% mujeres,Sociales    :     3 estudiantes | 66.7% mujeres,Arte        :   233 estudiantes | 61.4% mujeres,Salud       :   148 estudiantes | 57.4% mujeres,Educacion   :   130 estudiantes | 52.3% mujeres,Derecho     :   151 estudiantes | 50.3% mujeres,Arquitectura:   455 estudiantes | 47.9% mujeres,Economicas  :   479 estudiantes | 43.4% mujeres,Naturales   :    44 estudiantes | 43.2% mujeres,Deporte     :   665 estudiantes | 40.6% mujeres",4716.0,1466.0,3250.0,1308.0,439.0,869.0,445.0,141.0,304.0,0.6891433418150975,
Universidad de la Cuenca del Plata,Universidad de la Cuenca del Plata,Donovan 521,http://apis.datos.gob.ar/georef/api/direcciones?direccion=Donovan 521,"-27.3750927,-55.9028806",,,,,,,,,,,,,,,,,,,,,,-27.375092699999996,-55.902880599999996,54028.0,Capital,-27.375092699999996,-55.902880599999996,540119.0,Posadas,54,Misiones,"Salud       :   928 estudiantes | 88.0% mujeres,Educacion   :    97 estudiantes | 87.6% mujeres,Psicologia  :  2679 estudiantes | 81.8% mujeres,Naturales   :    77 estudiantes | 75.3% mujeres,Sociales    :    15 estudiantes | 66.7% mujeres,Arte        :   176 estudiantes | 62.5% mujeres,Derecho     :  1626 estudiantes | 56.3% mujeres,Economicas  :  1347 estudiantes | 46.3% mujeres,Tecnologia  :   153 estudiantes | 6.5% mujeres",7098.0,2277.0,4821.0,1500.0,504.0,996.0,274.0,75.0,199.0,0.6792054099746407,0.06535947712418301
Universidad de la Marina Mercante,Universidad de la Marina Mercante,Av. Rivadavia 2258,http://apis.datos.gob.ar/georef/api/direcciones?direccion=Av. Rivadavia 2258&provincia=2," -34.60965001204205, -58.398471321349234",,,,,,,,,,,,,,,,,,,,,,-34.60965001204205,-58.39847132134923,2021.0,Comuna 3,-34.60965001204205,-58.39847132134923,,,02,Ciudad Autónoma de Buenos Aires,"Psicologia  :   576 estudiantes | 78.8% mujeres,Salud       :    58 estudiantes | 70.7% mujeres,Sociales    :    18 estudiantes | 61.1% mujeres,Naturales   :    10 estudiantes | 60.0% mujeres,Derecho     :   308 estudiantes | 49.7% mujeres,Economicas  :  1970 estudiantes | 48.1% mujeres,Tecnologia  :   202 estudiantes | 13.9% mujeres,Ingenieria  :   261 estudiantes | 8.4% mujeres",3403.0,1740.0,1663.0,691.0,333.0,358.0,328.0,160.0,168.0,0.4886864531295915,0.13861386138613863
Universidad de Mendoza,Universidad de Mendoza,Av. Boulogne Sur Mer 683,http://apis.datos.gob.ar/georef/api/direcciones?direccion=Av. Boulogne Sur Mer 683&provincia=50,"-32.8916714,-68.8635323",,,,,,,,,,,,,,,,,,,,,,-32.8916714,-68.8635323,50007.0,Capital,-32.8916714,-68.8635323,500007.0,Capital,50,Mendoza,"Arte        :   343 estudiantes | 77.3% mujeres,Psicologia  :   859 estudiantes | 72.8% mujeres,Derecho     :  2114 estudiantes | 60.9% mujeres,Salud       :  3118 estudiantes | 58.7% mujeres,Arquitectura:  1705 estudiantes | 58.2% mujeres,Economicas  :   701 estudiantes | 37.7% mujeres,Ingenieria  :   473 estudiantes | 16.5% mujeres,Tecnologia  :   524 estudiantes | 9.2% mujeres",9837.0,4446.0,5391.0,2266.0,1084.0,1182.0,809.0,310.0,499.0,0.5480329368709973,0.0916030534351145
Universidad de Palermo,Universidad de Palermo,Marío Bravo 1050,http://apis.datos.gob.ar/georef/api/direcciones?direccion=Marío Bravo 1050&provincia=2,"-34.5972849453752,-58.41576251085405",,,,,,,,,,,,,,,,,,,,,,-34.5972849453752,-58.415762510854044,2098.0,Comuna 14,-34.5972849453752,-58.415762510854044,,,02,Ciudad Autónoma de Buenos Aires,"Otros       :     1 estudiantes | 100.0% mujeres,Arte        :  3383 estudiantes | 74.9% mujeres,Psicologia  :   809 estudiantes | 71.7% mujeres,Economicas  :  2892 estudiantes | 51.7% mujeres,Arquitectura:  1266 estudiantes | 51.2% mujeres,Derecho     :   768 estudiantes | 50.4% mujeres,Educacion   :    66 estudiantes | 50.0% mujeres,Sociales    :  1097 estudiantes | 46.8% mujeres,Ingenieria  :   180 estudiantes | 13.9% mujeres,Tecnologia  :  1387 estudiantes | 10.5% mujeres",11849.0,5486.0,6363.0,3853.0,1854.0,1999.0,1220.0,448.0,772.0,0.5370073423917631,0.10454217736121124
Universidad del Aconcagua,Universidad del Aconcagua,Catamarca 147,http://apis.datos.gob.ar/georef/api/direcciones?direccion=Catamarca 147&provincia=50,"-32.889702977248035,-68.836339205674",,,,,,,,,,,,,,,,,,,,,,-32.889702977248035,-68.836339205674,50007.0,Capital,-32.889702977248035,-68.836339205674,500007.0,Capital,50,Mendoza,"Idiomas     :    94 estudiantes | 83.0% mujeres,Psicologia  :  1684 estudiantes | 82.6% mujeres,Salud       :  1485 estudiantes | 80.5% mujeres,Policial    :   259 estudiantes | 74.9% mujeres,Sociales    :   249 estudiantes | 65.1% mujeres,Derecho     :   614 estudiantes | 65.0% mujeres,Arte        :    63 estudiantes | 57.1% mujeres,Economicas  :  1768 estudiantes | 49.4% mujeres,Tecnologia  :   202 estudiantes | 8.9% mujeres",6418.0,2071.0,4347.0,1450.0,488.0,962.0,570.0,156.0,414.0,0.6773138049236522,0.0891089108910891
Universidad del CEMA,Universidad del CEMA,Av. Córdoba 374,http://apis.datos.gob.ar/georef/api/direcciones?direccion=Av. Córdoba 374&provincia=2,"-34.598493489787174,-58.37246198342438",,,,,,,,,,,,,,,,,,,,,,-34.598493489787174,-58.37246198342439,2007.0,Comuna 1,-34.598493489787174,-58.37246198342439,,,02,Ciudad Autónoma de Buenos Aires,"Derecho     :    19 estudiantes | 47.4% mujeres,Sociales    :    66 estudiantes | 43.9% mujeres,Exactas     :    11 estudiantes | 36.4% mujeres,Economicas  :  1418 estudiantes | 31.5% mujeres,Naturales   :    15 estudiantes | 26.7% mujeres,Tecnologia  :   152 estudiantes | 11.8% mujeres",1681.0,1171.0,510.0,430.0,282.0,148.0,308.0,210.0,98.0,0.30339083878643663,0.11842105263157894
Universidad del Centro Educativo Latinoamericano,Universidad del Centro Educativo Latinoamericano,Av. Pellegrini 1332,http://apis.datos.gob.ar/georef/api/direcciones?direccion=Av. Pellegrini 1332&provincia=82,"-32.9565784932488,-60.6441042488731",,,,,,,,,,,,,,,,,,,,,,-32.9565784932488,-60.6441042488731,82084.0,Rosario,-32.9565784932488,-60.6441042488731,,,82,Santa Fe,"Salud       :   824 estudiantes | 84.2% mujeres,Ingenieria  :   165 estudiantes | 65.5% mujeres,Idiomas     :     5 estudiantes | 60.0% mujeres,Derecho     :   564 estudiantes | 56.0% mujeres,Economicas  :  1451 estudiantes | 49.8% mujeres,Naturales   :     7 estudiantes | 42.9% mujeres,Tecnologia  :   244 estudiantes | 12.3% mujeres",3260.0,1384.0,1876.0,530.0,226.0,304.0,340.0,102.0,238.0,0.5754601226993865,0.12295081967213115
Universidad del Cine,Universidad del Cine,Dr. José Modesto Giuffra 330,,"-34.617846,-58.3728309",,,,,,,,,,,,,,,,,,,,,,-34.617846,-58.372830900000004,2007.0,Comuna 1,-34.617846,-58.372830900000004,,,02,Ciudad Autónoma de Buenos Aires,Arte        :  1182 estudiantes | 48.5% mujeres,1182.0,609.0,573.0,353.0,182.0,171.0,101.0,50.0,51.0,0.4847715736040609,
Universidad del Este,Universidad del Este,Calle 2 684,,"-34.9072705,-57.9504423",,,,,,,,,,,,,,,,,,,,,,-34.9072705,-57.95044229999999,6441.0,La Plata,-34.9072705,-57.95044229999999,60441.0,La Plata,06,Buenos Aires,"Arquitectura:    82 estudiantes | 97.6% mujeres,Arte        :   187 estudiantes | 96.3% mujeres,Educacion   :    23 estudiantes | 73.9% mujeres,Economicas  :   356 estudiantes | 50.8% mujeres,Derecho     :   207 estudiantes | 43.0% mujeres",855.0,308.0,547.0,307.0,114.0,193.0,125.0,40.0,85.0,0.639766081871345,
Universidad del Museo Social Argentino,Universidad del Museo Social Argentino,Av. Corrientes 1723,,"-34.6047031,-58.3922666",,,,,,,,,,,,,,,,,,,,,,-34.6047031,-58.3922666,2021.0,Comuna 3,-34.6047031,-58.3922666,,,02,Ciudad Autónoma de Buenos Aires,"Salud       :   375 estudiantes | 92.0% mujeres,Arte        :   239 estudiantes | 88.3% mujeres,Sociales    :   466 estudiantes | 84.1% mujeres,Psicologia  :   308 estudiantes | 82.1% mujeres,Idiomas     :   443 estudiantes | 81.3% mujeres,Naturales   :     4 estudiantes | 75.0% mujeres,Economicas  :   335 estudiantes | 49.6% mujeres,Derecho     :   655 estudiantes | 46.7% mujeres",2825.0,789.0,2036.0,716.0,207.0,509.0,466.0,170.0,296.0,0.7207079646017699,
Universidad del Salvador,Universidad del Salvador,Av. Córdoba 1601,http://apis.datos.gob.ar/georef/api/direcciones?direccion=Av. Córdoba 1601&provincia=2,"-34.5994421892955,-58.3896679387133",,,,,,,,,,,,,,,,,,,,,,-34.5994421892955,-58.389667938713295,2014.0,Comuna 2,-34.5994421892955,-58.389667938713295,,,02,Ciudad Autónoma de Buenos Aires,"Idiomas     :   876 estudiantes | 85.7% mujeres,Psicologia  :  4946 estudiantes | 82.9% mujeres,Salud       :  3209 estudiantes | 74.5% mujeres,Arte        :   318 estudiantes | 69.2% mujeres,Educacion   :   115 estudiantes | 66.1% mujeres,Sociales    :  2229 estudiantes | 63.8% mujeres,Arquitectura:   293 estudiantes | 54.3% mujeres,Derecho     :  1768 estudiantes | 53.5% mujeres,Naturales   :  1187 estudiantes | 48.5% mujeres,Economicas  :  4890 estudiantes | 47.5% mujeres,Deporte     :   140 estudiantes | 45.0% mujeres,Ingenieria  :    83 estudiantes | 22.9% mujeres,Tecnologia  :   704 estudiantes | 13.6% mujeres",20758.0,7618.0,13140.0,4010.0,1487.0,2523.0,608.0,206.0,402.0,0.6330089604008093,0.13636363636363635
Universidad Empresarial Siglo 21,Universidad Empresarial Siglo 21,De los Latinos 8555,http://apis.datos.gob.ar/georef/api/direcciones?direccion=De los Latinos 8555,"-31.3279965,-64.2286782",,,,,,,,,,,,,,,,,,,,,,-31.3279965,-64.2286782,14014.0,Capital,-31.3279965,-64.2286782,140077.0,Córdoba,14,Córdoba,"Educacion   :  2311 estudiantes | 85.4% mujeres,Psicologia  :   931 estudiantes | 72.0% mujeres,Policial    :  1860 estudiantes | 70.2% mujeres,Sociales    :  2069 estudiantes | 65.5% mujeres,Arte        :  1078 estudiantes | 60.2% mujeres,Derecho     : 30725 estudiantes | 53.0% mujeres,Naturales   :   427 estudiantes | 52.0% mujeres,Economicas  : 26053 estudiantes | 50.4% mujeres,Arquitectura:    97 estudiantes | 25.8% mujeres,Tecnologia  :  3706 estudiantes | 12.0% mujeres",69257.0,33210.0,36047.0,29368.0,14220.0,15148.0,4732.0,2063.0,2669.0,0.5204816841618898,0.11980572045331894
Universidad ISALUD,Universidad ISALUD,Venezuela 847,,"-34.6139929,-58.3804476",,,,,,,,,,,,,,,,,,,,,,-34.6139929,-58.380447600000004,2007.0,Comuna 1,-34.6139929,-58.380447600000004,,,02,Ciudad Autónoma de Buenos Aires,"Exactas     :    80 estudiantes | 81.2% mujeres,Naturales   :    24 estudiantes | 79.2% mujeres,Salud       :  4711 estudiantes | 77.9% mujeres,Economicas  :   417 estudiantes | 56.6% mujeres",5232.0,1243.0,3989.0,1863.0,453.0,1410.0,778.0,170.0,608.0,0.7624235474006116,
Universidad Nacional Arturo Jauretche,Universidad Nacional Arturo Jauretche,Calchaquí 6200,http://apis.datos.gob.ar/georef/api/direcciones?direccion=Calchaquí 6200&provincia=6,"-34.7751429,-58.2701046",,,,,,,,,,,,,,,,,,,,,,-34.7751429,-58.270104599999996,6274.0,Florencio Varela,-34.7751429,-58.270104599999996,60274.0,Florencio Varela,06,Buenos Aires,"Psicologia  :  1190 estudiantes | 86.6% mujeres,Salud       : 10569 estudiantes | 76.7% mujeres,Sociales    :   606 estudiantes | 74.1% mujeres,Economicas  :  4016 estudiantes | 63.4% mujeres,Naturales   :   514 estudiantes | 54.1% mujeres,Ingenieria  :  1783 estudiantes | 17.0% mujeres,Tecnologia  :  1488 estudiantes | 14.5% mujeres",20166.0,7234.0,12932.0,7649.0,2824.0,4825.0,74.0,16.0,58.0,0.6412773975999206,0.14516129032258066
Universidad Nacional de Avellaneda,Universidad Nacional de Avellaneda,12 de Octubre 463,http://apis.datos.gob.ar/georef/api/direcciones?direccion=12 de Octubre 463&provincia=6,"-34.72925803087015,-58.263119285544974",,,,,,,,,,,,,,,,,,,,,,-34.72925803087015,-58.263119285544974,6658.0,Quilmes,-34.72925803087015,-58.263119285544974,60658.0,Quilmes,06,Buenos Aires,"Salud       :  2064 estudiantes | 79.9% mujeres,Economicas  :  2200 estudiantes | 59.6% mujeres,Naturales   :   346 estudiantes | 57.5% mujeres,Sociales    :  2551 estudiantes | 56.1% mujeres,Derecho     :  1533 estudiantes | 54.9% mujeres,Educacion   :   154 estudiantes | 51.3% mujeres,Arte        :  1144 estudiantes | 47.8% mujeres,Arquitectura:   967 estudiantes | 42.3% mujeres,Deporte     :   705 estudiantes | 36.9% mujeres,Ingenieria  :    67 estudiantes | 31.3% mujeres,Tecnologia  :  1170 estudiantes | 13.0% mujeres,Exactas     :   118 estudiantes | 6.8% mujeres",13019.0,6111.0,6908.0,6379.0,2943.0,3436.0,49.0,14.0,35.0,0.5306091097626546,0.12991452991452992
Universidad Nacional de Catamarca,Universidad Nacional de Catamarca,Esquiú 799,http://apis.datos.gob.ar/georef/api/direcciones?direccion=Esquiú 799,"-28.459001,-65.7854021",,,,,,,,,,,,,,,,,,,,,,-28.459001,-65.78540210000001,10049.0,Capital,-28.459001,-65.78540210000001,100140.0,San Fernando del Valle de Catamarca,10,Catamarca,"Psicologia  :   838 estudiantes | 78.0% mujeres,Salud       :  1243 estudiantes | 78.0% mujeres,Idiomas     :   256 estudiantes | 71.1% mujeres,Policial    :   383 estudiantes | 62.9% mujeres,Sociales    :   535 estudiantes | 60.0% mujeres,Derecho     :  1538 estudiantes | 58.3% mujeres,Economicas  :  1677 estudiantes | 57.2% mujeres,Educacion   :   897 estudiantes | 57.2% mujeres,Exactas     :   642 estudiantes | 56.1% mujeres,Naturales   :  1146 estudiantes | 50.2% mujeres,Ingenieria  :   365 estudiantes | 20.8% mujeres,Tecnologia  :   954 estudiantes | 18.7% mujeres",10474.0,4547.0,5927.0,2707.0,1107.0,1600.0,277.0,129.0,148.0,0.5658774107313347,0.18658280922431866
Universidad Nacional de Chilecito,Universidad Nacional de Chilecito,s/d,,"-29.1565622,-67.4730232",,,,,,,,,,,,,,,,,,,,,,-29.156562199999996,-67.47302320000001,46042.0,Chilecito,-29.156562199999996,-67.47302320000001,460042.0,Chilecito,46,La Rioja,"Educacion   :   296 estudiantes | 94.6% mujeres,Salud       :   355 estudiantes | 74.6% mujeres,Economicas  :   459 estudiantes | 59.7% mujeres,Derecho     :   629 estudiantes | 59.1% mujeres,Naturales   :   582 estudiantes | 50.7% mujeres,Sociales    :   126 estudiantes | 43.7% mujeres,Tecnologia  :   700 estudiantes | 26.0% mujeres",3147.0,1424.0,1723.0,532.0,210.0,322.0,85.0,12.0,73.0,0.5475055608516047,0.26
Universidad Nacional de Cuyo,Universidad Nacional de Cuyo,"Centro Universitario, M5500",,"-32.8807275,-68.8801746",,,,,,,,,,,,,,,,,,,,,,-32.8807275,-68.88017459999999,50007.0,Capital,-32.8807275,-68.88017459999999,500007.0,Capital,50,Mendoza,"Letras      :    90 estudiantes | 90.0% mujeres,Psicologia  :  1293 estudiantes | 86.5% mujeres,Policial    :    45 estudiantes | 84.4% mujeres,Educacion   :  1431 estudiantes | 82.1% mujeres,Idiomas     :   611 estudiantes | 80.4% mujeres,Salud       :  3598 estudiantes | 69.8% mujeres,Arquitectura:   740 estudiantes | 64.3% mujeres,Arte        :  2455 estudiantes | 63.8% mujeres,Derecho     :  3042 estudiantes | 63.0% mujeres,Sociales    :  4453 estudiantes | 54.8% mujeres,Otros       :   248 estudiantes | 51.6% mujeres,Economicas  :  7706 estudiantes | 51.2% mujeres,Naturales   :  2531 estudiantes | 46.9% mujeres,Exactas     :   911 estudiantes | 38.4% mujeres,Ingenieria  :  2241 estudiantes | 21.8% mujeres,Tecnologia  :    66 estudiantes | 12.1% mujeres",31461.0,13542.0,17919.0,6090.0,2718.0,3372.0,2349.0,1037.0,1312.0,0.5695623152474493,0.12121212121212122
Universidad Nacional de Formosa,Universidad Nacional de Formosa,Av. formosa 3200,http://apis.datos.gob.ar/georef/api/direcciones?direccion=Av. formosa 3200,"-26.1921994,-58.2024444",,,,,,,,,,,,,,,,,,,,,,-26.192199399999996,-58.202444400000005,34014.0,Formosa,-26.192199399999996,-58.202444400000005,340028.0,Formosa,34,Formosa,"Psicologia  :   903 estudiantes | 87.0% mujeres,Salud       :  2786 estudiantes | 74.2% mujeres,Educacion   :   204 estudiantes | 65.2% mujeres,Naturales   :   990 estudiantes | 56.2% mujeres,Economicas  :  2528 estudiantes | 51.8% mujeres,Ingenieria  :   621 estudiantes | 37.7% mujeres,Tecnologia  :   381 estudiantes | 21.5% mujeres",8413.0,3245.0,5168.0,2469.0,1002.0,1467.0,326.0,108.0,218.0,0.6142874123380483,0.2152230971128609
Universidad Nacional de General Sarmiento,Universidad Nacional de General Sarmiento,Juan María Gutiérrez 1150,http://apis.datos.gob.ar/georef/api/direcciones?direccion=Juan María Gutiérrez 1150&provincia=6," -34.492332720554565, -58.664685936227905",,,,,,,,,,,,,,,,,,,,,,-34.492332720554565,-58.664685936227905,6515.0,Malvinas Argentinas,-34.492332720554565,-58.664685936227905,60515.0,Malvinas Argentinas,06,Buenos Aires,"Educacion   :   277 estudiantes | 78.0% mujeres,Naturales   :   315 estudiantes | 60.3% mujeres,Sociales    :  1489 estudiantes | 59.4% mujeres,Exactas     :  1047 estudiantes | 58.0% mujeres,Arquitectura:   269 estudiantes | 55.4% mujeres,Economicas  :  1925 estudiantes | 54.6% mujeres,Salud       :    36 estudiantes | 47.2% mujeres,Ingenieria  :  1638 estudiantes | 20.8% mujeres,Tecnologia  :  3597 estudiantes | 16.0% mujeres",10593.0,6563.0,4030.0,3163.0,1957.0,1206.0,207.0,133.0,74.0,0.38043991315019354,0.15985543508479289
Universidad Nacional de Jujuy,Universidad Nacional de Jujuy,Av. Bolivia 1239,http://apis.datos.gob.ar/georef/api/direcciones?direccion=Av. Bolivia 1239,"-24.1826176,-65.3203807",,,,,,,,,,,,,,,,,,,,,,-24.1826176,-65.3203807,38021.0,Dr. Manuel Belgrano,-24.1826176,-65.3203807,380035.0,San Salvador de Jujuy,38,Jujuy,"Psicologia  :  1169 estudiantes | 81.1% mujeres,Educacion   :  1579 estudiantes | 76.7% mujeres,Salud       :   482 estudiantes | 62.9% mujeres,Naturales   :  4149 estudiantes | 60.4% mujeres,Sociales    :  3252 estudiantes | 58.6% mujeres,Economicas  :  3113 estudiantes | 58.5% mujeres,Exactas     :   616 estudiantes | 52.8% mujeres,Ingenieria  :   925 estudiantes | 28.1% mujeres,Tecnologia  :  3328 estudiantes | 22.4% mujeres",18613.0,8586.0,10027.0,4925.0,2201.0,2724.0,272.0,127.0,145.0,0.5387095041100306,0.22355769230769232
Universidad Nacional de La Matanza,Universidad Nacional de La Matanza,Florencio Varela 1903,http://apis.datos.gob.ar/georef/api/direcciones?direccion=Florencio Varela 1903&provincia=6,"-34.67069602536431,-58.5625432692672",,,,,,,,,,,,,,,,,,,,,,-34.67069602536431,-58.56254326926721,6427.0,La Matanza,-34.67069602536431,-58.56254326926721,60427.0,La Matanza,06,Buenos Aires,"Psicologia  :  2288 estudiantes | 86.6% mujeres,Letras      :    89 estudiantes | 85.4% mujeres,Salud       :  5009 estudiantes | 77.1% mujeres,Idiomas     :    71 estudiantes | 71.8% mujeres,Exactas     :   168 estudiantes | 64.3% mujeres,Sociales    :  2622 estudiantes | 61.7% mujeres,Economicas  : 16067 estudiantes | 58.4% mujeres,Derecho     :  6906 estudiantes | 57.1% mujeres,Arquitectura:   392 estudiantes | 55.9% mujeres,Educacion   :  3273 estudiantes | 48.9% mujeres,Naturales   :   202 estudiantes | 48.5% mujeres,Deporte     :    60 estudiantes | 43.3% mujeres,Ingenieria  :  2230 estudiantes | 17.7% mujeres,Tecnologia  :  6959 estudiantes | 15.5% mujeres",46336.0,21902.0,24434.0,7950.0,3888.0,4062.0,2751.0,1183.0,1568.0,0.5273221685082873,0.15461991665469177
Universidad Nacional de La Pampa,Universidad Nacional de La Pampa,Uruguay 151,http://apis.datos.gob.ar/georef/api/direcciones?direccion=Uruguay 151,"-36.1446255,-64.5963517",,,,,,,,,,,,,,,,,,,,,,-36.144625500000004,-64.5963517,42035.0,Conhelo,-36.144625500000004,-64.5963517,420098.0,Conhelo,42,La Pampa,"Psicologia  :     1 estudiantes | 100.0% mujeres,Idiomas     :    38 estudiantes | 94.7% mujeres,Educacion   :   865 estudiantes | 88.1% mujeres,Salud       :    26 estudiantes | 84.6% mujeres,Derecho     :  1461 estudiantes | 68.1% mujeres,Sociales    :   435 estudiantes | 67.1% mujeres,Economicas  :  1667 estudiantes | 59.5% mujeres,Exactas     :   333 estudiantes | 55.6% mujeres,Naturales   :  2044 estudiantes | 46.1% mujeres,Tecnologia  :   505 estudiantes | 22.6% mujeres,Ingenieria  :   238 estudiantes | 16.4% mujeres",7613.0,3232.0,4381.0,1812.0,703.0,1109.0,387.0,195.0,192.0,0.5754630237751215,0.22574257425742575
Universidad Nacional de la Patagonia Austral,Universidad Nacional de la Patagonia Austral,"Ruta Nacional 3, Z9011 ","http://apis.datos.gob.ar/georef/api/direcciones?direccion=Ruta Nacional 3, Z9011 ","-46.4336028,-67.5229963",,,,,,,,,,,,,,,,,,,,,,-46.433602799999996,-67.5229963,78014.0,Deseado,-46.433602799999996,-67.5229963,,,78,Santa Cruz,"Psicologia  :  1747 estudiantes | 86.0% mujeres,Salud       :   935 estudiantes | 77.9% mujeres,Economicas  :  2412 estudiantes | 63.5% mujeres,Educacion   :   168 estudiantes | 62.5% mujeres,Sociales    :   257 estudiantes | 61.1% mujeres,Exactas     :   107 estudiantes | 53.3% mujeres,Naturales   :   750 estudiantes | 45.9% mujeres,Tecnologia  :   665 estudiantes | 34.3% mujeres,Ingenieria  :   120 estudiantes | 14.2% mujeres",7161.0,2492.0,4669.0,3195.0,1113.0,2082.0,185.0,38.0,147.0,0.6520039100684262,0.34285714285714286
Universidad Nacional de la Patagonia San Juan Bosco,Universidad Nacional de la Patagonia San Juan Bosco,Sarmiento 849,http://apis.datos.gob.ar/georef/api/direcciones?direccion=Sarmiento 849&provincia=26,"-42.91147305328778,-71.32234601161547",,,,,,,,,,,,,,,,,,,,,,-42.911473053287786,-71.32234601161547,26035.0,Futaleufú,-42.911473053287786,-71.32234601161547,260077.0,Esquel,26,Chubut,"Idiomas     :    73 estudiantes | 89.0% mujeres,Psicologia  :   454 estudiantes | 86.1% mujeres,Salud       :  1026 estudiantes | 78.0% mujeres,Educacion   :    94 estudiantes | 73.4% mujeres,Policial    :   325 estudiantes | 72.6% mujeres,Naturales   :  1442 estudiantes | 68.0% mujeres,Economicas  :  4753 estudiantes | 67.3% mujeres,Derecho     :  2994 estudiantes | 62.9% mujeres,Sociales    :   938 estudiantes | 60.4% mujeres,Exactas     :   489 estudiantes | 57.7% mujeres,Ingenieria  :   785 estudiantes | 25.4% mujeres,Tecnologia  :  1248 estudiantes | 17.1% mujeres,Otros       :    24 estudiantes | 12.5% mujeres",14645.0,5760.0,8885.0,4586.0,1907.0,2679.0,508.0,183.0,325.0,0.606691703653124,0.17067307692307693
Universidad Nacional de La Plata,Universidad Nacional de La Plata,Av. 7 776,http://apis.datos.gob.ar/georef/api/direcciones?direccion=Av. 7 776&provincia=6,"-34.89439984475497,-57.97717980074897",,,,,,,,,,,,,,,,,,,,,,-34.894399844754965,-57.97717980074897,6441.0,La Plata,-34.894399844754965,-57.97717980074897,60441.0,La Plata,06,Buenos Aires,"Idiomas     :  1325 estudiantes | 81.8% mujeres,Psicologia  :  8761 estudiantes | 79.8% mujeres,Salud       : 17296 estudiantes | 72.8% mujeres,Educacion   :  2495 estudiantes | 65.6% mujeres,Economicas  : 10280 estudiantes | 58.2% mujeres,Derecho     : 10786 estudiantes | 57.6% mujeres,Arte        :  5051 estudiantes | 57.1% mujeres,Naturales   :  6901 estudiantes | 56.9% mujeres,Sociales    :  4436 estudiantes | 56.6% mujeres,Exactas     :  3758 estudiantes | 56.3% mujeres,Arquitectura:  7870 estudiantes | 46.8% mujeres,Deporte     :  2092 estudiantes | 24.4% mujeres,Ingenieria  :  6441 estudiantes | 23.0% mujeres,Tecnologia  :  8628 estudiantes | 17.1% mujeres",96120.0,43036.0,53084.0,20395.0,9043.0,11352.0,6384.0,2472.0,3912.0,0.5522679983354141,0.17060732498840983
Universidad Nacional de La Rioja,Universidad Nacional de La Rioja,Av. Luis M. de la Fuente,http://apis.datos.gob.ar/georef/api/direcciones?direccion=Av. Luis M. de la Fuente,"-29.4298962,-66.8709593",,,,,,,,,,,,,,,,,,,,,,-29.4298962,-66.8709593,46014.0,Capital,-29.4298962,-66.8709593,460014.0,Capital,46,La Rioja,"Psicologia  :  1300 estudiantes | 84.2% mujeres,Educacion   :  1694 estudiantes | 78.9% mujeres,Idiomas     :   188 estudiantes | 70.2% mujeres,Salud       :  7624 estudiantes | 70.0% mujeres,Policial    :   483 estudiantes | 68.7% mujeres,Derecho     :  2516 estudiantes | 66.3% mujeres,Economicas  :  3354 estudiantes | 57.5% mujeres,Sociales    :   740 estudiantes | 51.2% mujeres,Naturales   :   930 estudiantes | 51.1% mujeres,Arte        :   696 estudiantes | 48.3% mujeres,Arquitectura:   912 estudiantes | 45.4% mujeres,Religion    :    38 estudiantes | 39.5% mujeres,Exactas     :    62 estudiantes | 33.9% mujeres,Tecnologia  :  2900 estudiantes | 24.6% mujeres,Ingenieria  :   856 estudiantes | 24.4% mujeres",24293.0,9907.0,14386.0,6424.0,2699.0,3725.0,886.0,348.0,538.0,0.5921870497674228,0.24551724137931036
Universidad Nacional de Lomas de Zamora,Universidad Nacional de Lomas de Zamora,Camino de Cintura y Juan XXIII,http://apis.datos.gob.ar/georef/api/direcciones?direccion=Camino de Cintura y Juan XXIII&provincia=6,"-34.7765037,-58.4591023",,,,,,,,,,,,,,,,,,,,,,-34.7765037,-58.45910229999999,6490.0,Lomas de Zamora,-34.7765037,-58.45910229999999,60490.0,Lomas de Zamora,06,Buenos Aires,"Psicologia  :  4108 estudiantes | 93.8% mujeres,Educacion   :   961 estudiantes | 79.5% mujeres,Sociales    :  2019 estudiantes | 58.1% mujeres,Economicas  : 15313 estudiantes | 57.5% mujeres,Derecho     : 11433 estudiantes | 57.0% mujeres,Naturales   :   891 estudiantes | 46.9% mujeres,Policial    :   303 estudiantes | 40.9% mujeres,Arquitectura:    37 estudiantes | 32.4% mujeres,Ingenieria  :  1544 estudiantes | 16.8% mujeres,Deporte     :   149 estudiantes | 16.8% mujeres,Tecnologia  :   198 estudiantes | 13.1% mujeres",36956.0,14971.0,21985.0,8363.0,3738.0,4625.0,2349.0,1008.0,1341.0,0.5948966338348306,0.13131313131313133
Universidad Nacional de Mar del Plata,Universidad Nacional de Mar del Plata,"Deán Funes 3350,","http://apis.datos.gob.ar/georef/api/direcciones?direccion=Deán Funes 3350,&provincia=6","-38.0057920156254,-57.5715790666085",,,,,,,,,,,,,,,,,,,,,,-38.0057920156254,-57.57157906660849,6357.0,General Pueyrredón,-38.0057920156254,-57.57157906660849,60357.0,General Pueyrredón,06,Buenos Aires,"Idiomas     :   226 estudiantes | 79.2% mujeres,Salud       :  4766 estudiantes | 76.7% mujeres,Psicologia  :  3997 estudiantes | 72.0% mujeres,Educacion   :  1878 estudiantes | 71.2% mujeres,Sociales    :  2979 estudiantes | 63.1% mujeres,Derecho     :  4297 estudiantes | 52.4% mujeres,Exactas     :   647 estudiantes | 52.4% mujeres,Economicas  :  5112 estudiantes | 51.4% mujeres,Naturales   :  2128 estudiantes | 50.9% mujeres,Arquitectura:  3374 estudiantes | 47.7% mujeres,Ingenieria  :  1669 estudiantes | 21.5% mujeres,Tecnologia  :   708 estudiantes | 13.6% mujeres",31781.0,13483.0,18298.0,8632.0,3754.0,4878.0,1212.0,430.0,782.0,0.5757528082816777,0.13559322033898305
Universidad Nacional de Misiones,Universidad Nacional de Misiones,Fernando Elias LLamosas 9400,http://apis.datos.gob.ar/georef/api/direcciones?direccion=Fernando Elias LLamosas 9400,"-27.3996326,-55.9256125",,,,,,,,,,,,,,,,,,,,,,-27.3996326,-55.9256125,54028.0,Capital,-27.3996326,-55.9256125,540119.0,Posadas,54,Misiones,"Psicologia  :  2022 estudiantes | 85.8% mujeres,Salud       :  4557 estudiantes | 74.3% mujeres,Idiomas     :    13 estudiantes | 69.2% mujeres,Educacion   :   643 estudiantes | 65.3% mujeres,Arte        :   956 estudiantes | 63.3% mujeres,Sociales    :  2865 estudiantes | 59.2% mujeres,Economicas  :  6009 estudiantes | 58.8% mujeres,Derecho     :   139 estudiantes | 55.4% mujeres,Naturales   :  1067 estudiantes | 42.5% mujeres,Arquitectura:   269 estudiantes | 40.5% mujeres,Exactas     :   765 estudiantes | 33.6% mujeres,Ingenieria  :  2026 estudiantes | 21.6% mujeres,Tecnologia  :  1158 estudiantes | 19.5% mujeres",22489.0,9543.0,12946.0,6510.0,2719.0,3791.0,1174.0,418.0,756.0,0.5756592111699053,0.19516407599309155
Universidad Nacional de Moreno,Universidad Nacional de Moreno,Av. Bartolomé Mitre 1891,,"-34.6525807,-58.7791501",,,,,,,,,,,,,,,,,,,,,,-34.6525807,-58.7791501,6560.0,Moreno,-34.6525807,-58.7791501,60560.0,Moreno,06,Buenos Aires,"Psicologia  :  1136 estudiantes | 86.6% mujeres,Educacion   :   197 estudiantes | 81.7% mujeres,Economicas  :  2885 estudiantes | 62.6% mujeres,Naturales   :   261 estudiantes | 57.9% mujeres,Sociales    :   485 estudiantes | 56.7% mujeres,Arquitectura:  1029 estudiantes | 40.6% mujeres,Ingenieria  :   586 estudiantes | 10.9% mujeres",6579.0,2720.0,3859.0,2424.0,1020.0,1404.0,134.0,49.0,85.0,0.58656330749354,
Universidad Nacional de Quilmes,Universidad Nacional de Quilmes,Roque Sáenz Peña 352,http://apis.datos.gob.ar/georef/api/direcciones?direccion=Roque Sáenz Peña 352&provincia=6,"-34.7064966,-58.2807187",,,,,,,,,,,,,,,,,,,,,,-34.7064966,-58.2807187,6658.0,Quilmes,-34.7064966,-58.2807187,60658.0,Quilmes,06,Buenos Aires,"Salud       :  3090 estudiantes | 85.4% mujeres,Educacion   :  4715 estudiantes | 83.0% mujeres,Economicas  : 15703 estudiantes | 60.5% mujeres,Naturales   :   766 estudiantes | 59.1% mujeres,Exactas     :   151 estudiantes | 55.6% mujeres,Sociales    :  3933 estudiantes | 55.0% mujeres,Arte        :  1203 estudiantes | 32.9% mujeres,Arquitectura:   237 estudiantes | 14.3% mujeres,Tecnologia  :  2736 estudiantes | 14.1% mujeres,Ingenieria  :   424 estudiantes | 6.8% mujeres",32958.0,13353.0,19605.0,5220.0,2033.0,3187.0,748.0,247.0,501.0,0.5948479883488076,0.14108187134502925
Universidad Nacional de Rosario,Universidad Nacional de Rosario,Maipú 1065,http://apis.datos.gob.ar/georef/api/direcciones?direccion=Maipú 1065&provincia=82,"-32.950309649805945,-60.636126952347716",,,,,,,,,,,,,,,,,,,,,,-32.950309649805945,-60.636126952347716,82084.0,Rosario,-32.950309649805945,-60.636126952347716,,,82,Santa Fe,"Idiomas     :   306 estudiantes | 83.0% mujeres,Educacion   :   840 estudiantes | 80.1% mujeres,Policial    :   126 estudiantes | 78.6% mujeres,Psicologia  :  7663 estudiantes | 77.7% mujeres,Salud       : 23594 estudiantes | 70.1% mujeres,Sociales    :  7164 estudiantes | 62.5% mujeres,Derecho     : 15343 estudiantes | 60.5% mujeres,Economicas  : 12304 estudiantes | 57.9% mujeres,Otros       :  3336 estudiantes | 56.1% mujeres,Arte        :  3550 estudiantes | 55.4% mujeres,Arquitectura:  5467 estudiantes | 53.1% mujeres,Exactas     :  1151 estudiantes | 49.8% mujeres,Naturales   :  3860 estudiantes | 49.5% mujeres,Ingenieria  :  5816 estudiantes | 21.5% mujeres,Tecnologia  :  1173 estudiantes | 11.1% mujeres",91693.0,36677.0,55016.0,17958.0,7362.0,10596.0,9900.0,3728.0,6172.0,0.600002181191585,0.11082693947144075
Universidad Nacional de Salta,Universidad Nacional de Salta,Av Bolivia 5150,http://apis.datos.gob.ar/georef/api/direcciones?direccion=Av Bolivia 5150&provincia=66,"-24.7280281,-65.4114867",,,,,,,,,,,,,,,,,,,,,,-24.728028100000003,-65.41148670000001,66028.0,Capital,-24.728028100000003,-65.41148670000001,660063.0,Salta,66,Salta,"Psicologia  :    54 estudiantes | 90.7% mujeres,Idiomas     :   107 estudiantes | 86.9% mujeres,Educacion   :   800 estudiantes | 83.9% mujeres,Salud       :  5779 estudiantes | 79.1% mujeres,Arte        :     3 estudiantes | 66.7% mujeres,Derecho     :   674 estudiantes | 66.3% mujeres,Sociales    :  3369 estudiantes | 62.2% mujeres,Economicas  :  7565 estudiantes | 60.2% mujeres,Exactas     :  2758 estudiantes | 52.4% mujeres,Naturales   :  4077 estudiantes | 48.2% mujeres,Ingenieria  :  4037 estudiantes | 25.0% mujeres,Tecnologia  :  2628 estudiantes | 22.7% mujeres",31851.0,14351.0,17500.0,6777.0,3249.0,3528.0,610.0,255.0,355.0,0.549433298797526,0.2267884322678843
Universidad Nacional de San Juan,Universidad Nacional de San Juan,Mitre 396,http://apis.datos.gob.ar/georef/api/direcciones?direccion=Mitre 396,"-31.5354691,-68.5412352,15",,,,,,,,,,,,,,,,,,,,,,-31.5354691,-68.5412352,70028.0,Capital,-31.5354691,-68.5412352,700028.0,San Juan,70,San Juan,"Psicologia  :   886 estudiantes | 89.6% mujeres,Idiomas     :   250 estudiantes | 79.6% mujeres,Educacion   :   437 estudiantes | 78.7% mujeres,Salud       :  1252 estudiantes | 70.5% mujeres,Derecho     :  1876 estudiantes | 67.3% mujeres,Economicas  :  4606 estudiantes | 60.4% mujeres,Arte        :  1022 estudiantes | 58.1% mujeres,Sociales    :  2074 estudiantes | 57.6% mujeres,Exactas     :  1157 estudiantes | 51.9% mujeres,Naturales   :  1518 estudiantes | 50.9% mujeres,Arquitectura:  1236 estudiantes | 47.0% mujeres,Ingenieria  :  2647 estudiantes | 20.1% mujeres,Tecnologia  :  1503 estudiantes | 16.2% mujeres",20464.0,9683.0,10781.0,4268.0,2061.0,2207.0,766.0,339.0,427.0,0.5268275996872557,0.16167664670658682
Universidad Nacional de San Luis,Universidad Nacional de San Luis,Ejército de los Andes 950,http://apis.datos.gob.ar/georef/api/direcciones?direccion=Ejército de los Andes 950,"-33.2962223,-66.3441194",,,,,,,,,,,,,,,,,,,,,,-33.2962223,-66.3441194,74056.0,Juan Martín de Pueyrredón,-33.2962223,-66.3441194,740133.0,San Luis,74,San Luis,"Educacion   :   604 estudiantes | 83.4% mujeres,Psicologia  :  2222 estudiantes | 79.3% mujeres,Salud       :  4421 estudiantes | 75.3% mujeres,Sociales    :   858 estudiantes | 67.7% mujeres,Derecho     :   617 estudiantes | 65.2% mujeres,Economicas  :  1709 estudiantes | 61.3% mujeres,Naturales   :  1774 estudiantes | 61.2% mujeres,Exactas     :  1325 estudiantes | 51.9% mujeres,Arte        :   134 estudiantes | 51.5% mujeres,Tecnologia  :  1008 estudiantes | 18.8% mujeres,Arquitectura:    54 estudiantes | 14.8% mujeres,Ingenieria  :  1014 estudiantes | 14.6% mujeres",15740.0,5927.0,9813.0,3961.0,1525.0,2436.0,605.0,245.0,360.0,0.623443456162643,0.1875
Universidad Nacional de Santiago del Estero,Universidad Nacional de Santiago del Estero,Avenida Belgrano Sur 1912,http://apis.datos.gob.ar/georef/api/direcciones?direccion=Avenida Belgrano Sur 1912,"-27.8014246,-64.2531763",,,,,,,,,,,,,,,,,,,,,,-27.801424600000004,-64.25317629999999,86049.0,Capital,-27.801424600000004,-64.25317629999999,,,86,Santiago del Estero,"Educacion   :  4866 estudiantes | 86.5% mujeres,Psicologia  :   720 estudiantes | 84.7% mujeres,Idiomas     :   397 estudiantes | 79.8% mujeres,Salud       :   741 estudiantes | 75.7% mujeres,Naturales   :  1763 estudiantes | 61.2% mujeres,Sociales    :  1050 estudiantes | 60.7% mujeres,Economicas  :  3815 estudiantes | 58.0% mujeres,Exactas     :   284 estudiantes | 54.2% mujeres,Tecnologia  :  1122 estudiantes | 25.8% mujeres,Ingenieria  :  1403 estudiantes | 25.4% mujeres,Arte        :    56 estudiantes | 19.6% mujeres,Arquitectura:   154 estudiantes | 18.8% mujeres",16371.0,5901.0,10470.0,4380.0,1512.0,2868.0,473.0,150.0,323.0,0.6395455378413047,0.25846702317290554
Universidad Nacional de Tres de Febrero,Universidad Nacional de Tres de Febrero,Av. Gral. Mosconi 2736,http://apis.datos.gob.ar/georef/api/direcciones?direccion=Av. Gral. Mosconi 2736&provincia=6,"-34.6050318,-58.5665275",,,,,,,,,,,,,,,,,,,,,,-34.6050318,-58.5665275,6840.0,Tres de Febrero,-34.6050318,-58.5665275,60840.0,Tres de Febrero,06,Buenos Aires,"Psicologia  :    54 estudiantes | 92.6% mujeres,Salud       :   969 estudiantes | 89.4% mujeres,Educacion   :  1440 estudiantes | 82.1% mujeres,Derecho     :   927 estudiantes | 62.4% mujeres,Sociales    :  2846 estudiantes | 55.4% mujeres,Naturales   :   394 estudiantes | 53.3% mujeres,Economicas  :  3612 estudiantes | 50.8% mujeres,Exactas     :   152 estudiantes | 48.0% mujeres,Arte        :  2082 estudiantes | 35.1% mujeres,Tecnologia  :   862 estudiantes | 11.0% mujeres",13338.0,6140.0,7198.0,4738.0,1975.0,2763.0,459.0,200.0,259.0,0.539661118608487,0.11020881670533643
Universidad Nacional del Centro de la Provincia de Buenos Aires,Universidad Nacional del Centro de la Provincia de Buenos Aires,Pinto 399,http://apis.datos.gob.ar/georef/api/direcciones?direccion=Pinto 399&provincia=6,"-37.3285417102325,-59.1380501689951",,,,,,,,,,,,,,,,,,,,,,-37.3285417102325,-59.1380501689951,6791.0,Tandil,-37.3285417102325,-59.1380501689951,60791.0,Tandil,06,Buenos Aires,"Psicologia  :   401 estudiantes | 85.0% mujeres,Educacion   :   728 estudiantes | 83.0% mujeres,Arte        :   343 estudiantes | 68.5% mujeres,Salud       :   963 estudiantes | 65.0% mujeres,Derecho     :   818 estudiantes | 61.1% mujeres,Sociales    :  1230 estudiantes | 52.4% mujeres,Naturales   :  2484 estudiantes | 52.1% mujeres,Economicas  :  3496 estudiantes | 51.8% mujeres,Exactas     :   344 estudiantes | 46.8% mujeres,Ingenieria  :  1150 estudiantes | 24.2% mujeres,Tecnologia  :  2540 estudiantes | 15.2% mujeres",14497.0,7616.0,6881.0,2993.0,1571.0,1422.0,665.0,365.0,300.0,0.47464992757122165,0.15236220472440945
Universidad Nacional del Chaco Austral,Universidad Nacional del Chaco Austral,Fernández 755,http://apis.datos.gob.ar/georef/api/direcciones?direccion=Fernández 755,"-26.8017124,-60.4491146",,,,,,,,,,,,,,,,,,,,,,-26.8017124,-60.44911460000001,22021.0,Comandante Fernández,-26.8017124,-60.44911460000001,220077.0,Presidencia Roque Sáenz Peña,22,Chaco,"Educacion   :    87 estudiantes | 73.6% mujeres,Salud       :  1626 estudiantes | 71.6% mujeres,Exactas     :   136 estudiantes | 60.3% mujeres,Naturales   :   471 estudiantes | 57.3% mujeres,Economicas  :  2640 estudiantes | 54.7% mujeres,Derecho     :  4186 estudiantes | 53.9% mujeres,Ingenieria  :   273 estudiantes | 28.9% mujeres,Tecnologia  :   530 estudiantes | 13.2% mujeres",9949.0,4520.0,5429.0,5632.0,2566.0,3066.0,154.0,53.0,101.0,0.5456829832143935,0.1320754716981132
Universidad Nacional del Comahue,Universidad Nacional del Comahue,Av. Santa Fe 1845,http://apis.datos.gob.ar/georef/api/direcciones?direccion=Av. Santa Fe 1845&provincia=2,"-34.59583822943477,-58.393932130303796",,,,,,,,,,,,,,,,,,,,,,-34.59583822943477,-58.393932130303796,2014.0,Comuna 2,-34.59583822943477,-58.393932130303796,,,02,Ciudad Autónoma de Buenos Aires,"Psicologia  :  2776 estudiantes | 79.7% mujeres,Educacion   :  1131 estudiantes | 79.2% mujeres,Idiomas     :   422 estudiantes | 76.1% mujeres,Salud       :  5226 estudiantes | 74.8% mujeres,Sociales    :  2200 estudiantes | 66.5% mujeres,Economicas  :  4774 estudiantes | 64.3% mujeres,Derecho     :  2157 estudiantes | 64.1% mujeres,Naturales   :  2456 estudiantes | 59.6% mujeres,Exactas     :  1235 estudiantes | 52.2% mujeres,Ingenieria  :  2500 estudiantes | 24.3% mujeres,Tecnologia  :  2418 estudiantes | 21.3% mujeres",27295.0,10809.0,16486.0,6691.0,2915.0,3776.0,1096.0,407.0,689.0,0.6039934053856018,0.21339950372208435
Universidad Nacional del Litoral,Universidad Nacional del Litoral,San Jerónimo 3231,http://apis.datos.gob.ar/georef/api/direcciones?direccion=San Jerónimo 3231&provincia=82," -31.638260020689607, -60.70559340518095",,,,,,,,,,,,,,,,,,,,,,-31.63826002068961,-60.70559340518095,82063.0,La Capital,-31.63826002068961,-60.70559340518095,820147.0,Santa Fe,82,Santa Fe,"Idiomas     :   288 estudiantes | 91.3% mujeres,Psicologia  :   763 estudiantes | 85.8% mujeres,Educacion   :  1821 estudiantes | 77.5% mujeres,Salud       : 11298 estudiantes | 73.6% mujeres,Sociales    :  1767 estudiantes | 58.1% mujeres,Derecho     :  7042 estudiantes | 57.5% mujeres,Economicas  :  7644 estudiantes | 54.0% mujeres,Arte        :  2192 estudiantes | 52.1% mujeres,Exactas     :  1592 estudiantes | 51.6% mujeres,Policial    :    86 estudiantes | 51.2% mujeres,Arquitectura:  4301 estudiantes | 50.4% mujeres,Naturales   :  5621 estudiantes | 48.4% mujeres,Ingenieria  :  1363 estudiantes | 33.5% mujeres,Tecnologia  :  2437 estudiantes | 14.8% mujeres",48215.0,20648.0,27567.0,10787.0,4518.0,6269.0,2746.0,1069.0,1677.0,0.5717515296069687,0.14772260976610588
Universidad Nacional del Nordeste,Universidad Nacional del Nordeste,25 de mayo 868,http://apis.datos.gob.ar/georef/api/direcciones?direccion=25 de mayo 868,"-27.4607657,-58.9542543",,,,,,,,,,,,,,,,,,,,,,-27.4607657,-58.954254299999995,22140.0,San Fernando,-27.4607657,-58.954254299999995,220413.0,Resistencia,22,Chaco,"Educacion   :  1265 estudiantes | 76.0% mujeres,Salud       :  8477 estudiantes | 70.2% mujeres,Policial    :  1125 estudiantes | 65.4% mujeres,Idiomas     :     8 estudiantes | 62.5% mujeres,Sociales    :  1673 estudiantes | 61.1% mujeres,Exactas     :   567 estudiantes | 59.3% mujeres,Economicas  :  7009 estudiantes | 56.9% mujeres,Derecho     : 13334 estudiantes | 56.3% mujeres,Arte        :  1608 estudiantes | 54.3% mujeres,Arquitectura:  3177 estudiantes | 50.0% mujeres,Naturales   :  5404 estudiantes | 48.6% mujeres,Tecnologia  :  2297 estudiantes | 24.6% mujeres,Ingenieria  :  3230 estudiantes | 17.5% mujeres",49174.0,22443.0,26731.0,10784.0,4896.0,5888.0,3338.0,1321.0,2017.0,0.5436002765689185,0.2455376578145407
Universidad Nacional del Noroeste de la Provincia de Buenos Aires,Universidad Nacional del Noroeste de la Provincia de Buenos Aires,Roque Saenz Peña 456,http://apis.datos.gob.ar/georef/api/direcciones?direccion=Roque Saenz Peña 456&provincia=6," -34.861684718919854, -61.52755638690734",,,,,,,,,,,,,,,,,,,,,,-34.86168471891985,-61.52755638690734,6469.0,Lincoln,-34.86168471891985,-61.52755638690734,60469.0,Lincoln,06,Buenos Aires,"Arte        :   523 estudiantes | 80.1% mujeres,Salud       :   649 estudiantes | 76.1% mujeres,Derecho     :   988 estudiantes | 63.8% mujeres,Economicas  :  2417 estudiantes | 61.8% mujeres,Educacion   :    60 estudiantes | 55.0% mujeres,Naturales   :  1027 estudiantes | 49.2% mujeres,Arquitectura:   123 estudiantes | 45.5% mujeres,Exactas     :    10 estudiantes | 30.0% mujeres,Ingenieria  :   532 estudiantes | 13.9% mujeres,Tecnologia  :  1207 estudiantes | 12.2% mujeres,Letras      :     4 estudiantes | 0.0% mujeres",7540.0,3685.0,3855.0,2063.0,948.0,1115.0,331.0,147.0,184.0,0.5112732095490716,0.12178956089478045
Universidad Nacional del Sur,Universidad Nacional del Sur,Av. Alem 1253,http://apis.datos.gob.ar/georef/api/direcciones?direccion=Av. Alem 1253&provincia=6,"-38.67866305629395,-62.29611089500422",,,,,,,,,,,,,,,,,,,,,,-38.678663056293956,-62.29611089500421,6056.0,Bahía Blanca,-38.678663056293956,-62.29611089500421,60056.0,Bahía Blanca,06,Buenos Aires,"Educacion   :   292 estudiantes | 84.2% mujeres,Salud       :  3506 estudiantes | 78.2% mujeres,Idiomas     :    46 estudiantes | 67.4% mujeres,Derecho     :  2379 estudiantes | 64.6% mujeres,Economicas  :  4145 estudiantes | 61.5% mujeres,Arquitectura:   745 estudiantes | 58.5% mujeres,Sociales    :   976 estudiantes | 57.1% mujeres,Naturales   :  2281 estudiantes | 54.4% mujeres,Exactas     :  1553 estudiantes | 52.9% mujeres,Arte        :   200 estudiantes | 40.5% mujeres,Ingenieria  :  2241 estudiantes | 26.7% mujeres,Tecnologia  :  1814 estudiantes | 13.8% mujeres",20178.0,9089.0,11089.0,4887.0,2260.0,2627.0,1084.0,452.0,632.0,0.5495589255624937,0.13836824696802646
Universidad Notarial Argentina,Universidad Notarial Argentina,Av. 51 435,,"-34.750524,-58.308108",,,,,,,,,,,,,,,,,,,,,,-34.750524,-58.308108,6658.0,Quilmes,-34.750524,-58.308108,60658.0,Quilmes,06,Buenos Aires,Derecho     :   193 estudiantes | 69.9% mujeres,193.0,58.0,135.0,68.0,20.0,48.0,2.0,0.0,2.0,0.6994818652849741,
Universidad Torcuato Di Tella,Universidad Torcuato Di Tella,Av. Pres. Figueroa Alcorta 7350,,"-34.5476972,-58.4489394",,,,,,,,,,,,,,,,,,,,,,-34.5476972,-58.4489394,2091.0,Comuna 13,-34.5476972,-58.4489394,,,02,Ciudad Autónoma de Buenos Aires,"Arquitectura:   356 estudiantes | 70.2% mujeres,Educacion   :   269 estudiantes | 68.8% mujeres,Sociales    :  1386 estudiantes | 57.3% mujeres,Derecho     :   843 estudiantes | 52.2% mujeres,Economicas  :  3857 estudiantes | 31.5% mujeres",6711.0,3828.0,2883.0,1574.0,854.0,720.0,626.0,358.0,268.0,0.4295932051855163,
